{
  "epoch": 26,
  "val_loss": 0.4179095030748492,
  "train_loss": 0.2481026239851913,
  "iou": 0.7352715674879515,
  "dice": 0.8390617021198931,
  "pix_acc": 0.9317371058346603,
  "precision": 0.7870375455306668,
  "recall": 0.9183496195694496,
  "fbeta": 0.8084360148869202
}